{
  "parent": "minecraft:item/generated",
  "textures": {
    "layer0": "minecraft:item/paper"
  },
  "overrides": [
    {
        "predicate": {
            "custom_model_data": 1
        },
        "model": "botc:item/alchemist"
    },
    {
        "predicate": {
            "custom_model_data": 2
        },
        "model": "botc:item/amnesiac"
    },
    {
        "predicate": {
            "custom_model_data": 3
        },
        "model": "botc:item/artist"
    },
    {
        "predicate": {
            "custom_model_data": 4
        },
        "model": "botc:item/atheist"
    },
    {
        "predicate": {
            "custom_model_data": 5
        },
        "model": "botc:item/cannibal"
    },
    {
        "predicate": {
            "custom_model_data": 6
        },
        "model": "botc:item/chambermaid"
    },
    {
        "predicate": {
            "custom_model_data": 7
        },
        "model": "botc:item/chef"
    },
    {
        "predicate": {
            "custom_model_data": 8
        },
        "model": "botc:item/choirboy"
    },
    {
        "predicate": {
            "custom_model_data": 9
        },
        "model": "botc:item/clockmaker"
    },
    {
        "predicate": {
            "custom_model_data": 10
        },
        "model": "botc:item/courtier"
    },
    {
        "predicate": {
            "custom_model_data": 11
        },
        "model": "botc:item/dreamer"
    },
    {
        "predicate": {
            "custom_model_data": 12
        },
        "model": "botc:item/empath"
    },
    {
        "predicate": {
            "custom_model_data": 13
        },
        "model": "botc:item/engineer"
    },
    {
        "predicate": {
            "custom_model_data": 14
        },
        "model": "botc:item/exorcist"
    },
    {
        "predicate": {
            "custom_model_data": 15
        },
        "model": "botc:item/farmer"
    },
    {
        "predicate": {
            "custom_model_data": 16
        },
        "model": "botc:item/flowergirl"
    },
    {
        "predicate": {
            "custom_model_data": 17
        },
        "model": "botc:item/fool"
    },
    {
        "predicate": {
            "custom_model_data": 18
        },
        "model": "botc:item/fortune_teller"
    },
    {
        "predicate": {
            "custom_model_data": 19
        },
        "model": "botc:item/gambler"
    },
    {
        "predicate": {
            "custom_model_data": 20
        },
        "model": "botc:item/general"
    },
    {
        "predicate": {
            "custom_model_data": 21
        },
        "model": "botc:item/gossip"
    },
    {
        "predicate": {
            "custom_model_data": 22
        },
        "model": "botc:item/grandmother"
    },
    {
        "predicate": {
            "custom_model_data": 23
        },
        "model": "botc:item/high_priestess"
    },
    {
        "predicate": {
            "custom_model_data": 24
        },
        "model": "botc:item/huntsman"
    },
    {
        "predicate": {
            "custom_model_data": 25
        },
        "model": "botc:item/innkeeper"
    },
    {
        "predicate": {
            "custom_model_data": 26
        },
        "model": "botc:item/investigator"
    },
    {
        "predicate": {
            "custom_model_data": 27
        },
        "model": "botc:item/juggler"
    },
    {
        "predicate": {
            "custom_model_data": 28
        },
        "model": "botc:item/king"
    },
    {
        "predicate": {
            "custom_model_data": 29
        },
        "model": "botc:item/knight"
    },
    {
        "predicate": {
            "custom_model_data": 30
        },
        "model": "botc:item/librarian"
    },
    {
        "predicate": {
            "custom_model_data": 31
        },
        "model": "botc:item/lycanthrope"
    },
    {
        "predicate": {
            "custom_model_data": 32
        },
        "model": "botc:item/magician"
    },
    {
        "predicate": {
            "custom_model_data": 33
        },
        "model": "botc:item/mathematician"
    },
    {
        "predicate": {
            "custom_model_data": 34
        },
        "model": "botc:item/mayor"
    },
    {
        "predicate": {
            "custom_model_data": 35
        },
        "model": "botc:item/minstrel"
    },
    {
        "predicate": {
            "custom_model_data": 36
        },
        "model": "botc:item/monk"
    },
    {
        "predicate": {
            "custom_model_data": 37
        },
        "model": "botc:item/noble"
    },
    {
        "predicate": {
            "custom_model_data": 38
        },
        "model": "botc:item/oracle"
    },
    {
        "predicate": {
            "custom_model_data": 39
        },
        "model": "botc:item/pacifist"
    },
    {
        "predicate": {
            "custom_model_data": 40
        },
        "model": "botc:item/philosopher"
    },
    {
        "predicate": {
            "custom_model_data": 41
        },
        "model": "botc:item/pixie"
    },
    {
        "predicate": {
            "custom_model_data": 42
        },
        "model": "botc:item/poppy_grower"
    },
    {
        "predicate": {
            "custom_model_data": 43
        },
        "model": "botc:item/professor"
    },
    {
        "predicate": {
            "custom_model_data": 44
        },
        "model": "botc:item/ravenkeeper"
    },
    {
        "predicate": {
            "custom_model_data": 45
        },
        "model": "botc:item/sage"
    },
    {
        "predicate": {
            "custom_model_data": 46
        },
        "model": "botc:item/sailor"
    },
    {
        "predicate": {
            "custom_model_data": 47
        },
        "model": "botc:item/savant"
    },
    {
        "predicate": {
            "custom_model_data": 48
        },
        "model": "botc:item/seamstress"
    },
    {
        "predicate": {
            "custom_model_data": 49
        },
        "model": "botc:item/slayer"
    },
    {
        "predicate": {
            "custom_model_data": 50
        },
        "model": "botc:item/snake_charmer"
    },
    {
        "predicate": {
            "custom_model_data": 51
        },
        "model": "botc:item/soldier"
    },
    {
        "predicate": {
            "custom_model_data": 52
        },
        "model": "botc:item/steward"
    },
    {
        "predicate": {
            "custom_model_data": 53
        },
        "model": "botc:item/tea_lady"
    },
    {
        "predicate": {
            "custom_model_data": 54
        },
        "model": "botc:item/town_crier"
    },
    {
        "predicate": {
            "custom_model_data": 55
        },
        "model": "botc:item/undertaker"
    },
    {
        "predicate": {
            "custom_model_data": 56
        },
        "model": "botc:item/virgin"
    },
    {
        "predicate": {
            "custom_model_data": 57
        },
        "model": "botc:item/washerwoman"
    },
    {
        "predicate": {
            "custom_model_data": 58
        },
        "model": "botc:item/barber"
    },
    {
        "predicate": {
            "custom_model_data": 59
        },
        "model": "botc:item/butler"
    },
    {
        "predicate": {
            "custom_model_data": 60
        },
        "model": "botc:item/damsel"
    },
    {
        "predicate": {
            "custom_model_data": 61
        },
        "model": "botc:item/drunk"
    },
    {
        "predicate": {
            "custom_model_data": 62
        },
        "model": "botc:item/golem"
    },
    {
        "predicate": {
            "custom_model_data": 63
        },
        "model": "botc:item/goon"
    },
    {
        "predicate": {
            "custom_model_data": 64
        },
        "model": "botc:item/heretic"
    },
    {
        "predicate": {
            "custom_model_data": 65
        },
        "model": "botc:item/klutz"
    },
    {
        "predicate": {
            "custom_model_data": 66
        },
        "model": "botc:item/lunatic"
    },
    {
        "predicate": {
            "custom_model_data": 67
        },
        "model": "botc:item/moonchild"
    },
    {
        "predicate": {
            "custom_model_data": 68
        },
        "model": "botc:item/mutant"
    },
    {
        "predicate": {
            "custom_model_data": 69
        },
        "model": "botc:item/puzzlemaster"
    },
    {
        "predicate": {
            "custom_model_data": 70
        },
        "model": "botc:item/recluse"
    },
    {
        "predicate": {
            "custom_model_data": 71
        },
        "model": "botc:item/saint"
    },
    {
        "predicate": {
            "custom_model_data": 72
        },
        "model": "botc:item/snitch"
    },
    {
        "predicate": {
            "custom_model_data": 73
        },
        "model": "botc:item/sweetheart"
    },
    {
        "predicate": {
            "custom_model_data": 74
        },
        "model": "botc:item/tinker"
    },
    {
        "predicate": {
            "custom_model_data": 75
        },
        "model": "botc:item/assassin"
    },
    {
        "predicate": {
            "custom_model_data": 76
        },
        "model": "botc:item/baron"
    },
    {
        "predicate": {
            "custom_model_data": 77
        },
        "model": "botc:item/boomdandy"
    },
    {
        "predicate": {
            "custom_model_data": 78
        },
        "model": "botc:item/cerenovus"
    },
    {
        "predicate": {
            "custom_model_data": 79
        },
        "model": "botc:item/devils_advocate"
    },
    {
        "predicate": {
            "custom_model_data": 80
        },
        "model": "botc:item/evil_twin"
    },
    {
        "predicate": {
            "custom_model_data": 81
        },
        "model": "botc:item/fearmonger"
    },
    {
        "predicate": {
            "custom_model_data": 82
        },
        "model": "botc:item/godfather"
    },
    {
        "predicate": {
            "custom_model_data": 83
        },
        "model": "botc:item/marionette"
    },
    {
        "predicate": {
            "custom_model_data": 84
        },
        "model": "botc:item/mastermind"
    },
    {
        "predicate": {
            "custom_model_data": 85
        },
        "model": "botc:item/mezepheles"
    },
    {
        "predicate": {
            "custom_model_data": 86
        },
        "model": "botc:item/organ_grinder"
    },
    {
        "predicate": {
            "custom_model_data": 87
        },
        "model": "botc:item/pit_hag"
    },
    {
        "predicate": {
            "custom_model_data": 88
        },
        "model": "botc:item/poisoner"
    },
    {
        "predicate": {
            "custom_model_data": 89
        },
        "model": "botc:item/psychopath"
    },
    {
        "predicate": {
            "custom_model_data": 90
        },
        "model": "botc:item/scarlet_woman"
    },
    {
        "predicate": {
            "custom_model_data": 91
        },
        "model": "botc:item/spy"
    },
    {
        "predicate": {
            "custom_model_data": 92
        },
        "model": "botc:item/vizier"
    },
    {
        "predicate": {
            "custom_model_data": 93
        },
        "model": "botc:item/witch"
    },
    {
        "predicate": {
            "custom_model_data": 94
        },
        "model": "botc:item/al_hadikhia"
    },
    {
        "predicate": {
            "custom_model_data": 95
        },
        "model": "botc:item/fang_gu"
    },
    {
        "predicate": {
            "custom_model_data": 96
        },
        "model": "botc:item/imp"
    },
    {
        "predicate": {
            "custom_model_data": 97
        },
        "model": "botc:item/legion"
    },
    {
        "predicate": {
            "custom_model_data": 98
        },
        "model": "botc:item/lleech"
    },
    {
        "predicate": {
            "custom_model_data": 99
        },
        "model": "botc:item/no_dashii"
    },
    {
        "predicate": {
            "custom_model_data": 100
        },
        "model": "botc:item/po"
    },
    {
        "predicate": {
            "custom_model_data": 101
        },
        "model": "botc:item/pukka"
    },
    {
        "predicate": {
            "custom_model_data": 102
        },
        "model": "botc:item/riot"
    },
    {
        "predicate": {
            "custom_model_data": 103
        },
        "model": "botc:item/shabaloth"
    },
    {
        "predicate": {
            "custom_model_data": 104
        },
        "model": "botc:item/vigormortis"
    },
    {
        "predicate": {
            "custom_model_data": 105
        },
        "model": "botc:item/vortox"
    },
    {
        "predicate": {
            "custom_model_data": 106
        },
        "model": "botc:item/zombuul"
    },
    {
        "predicate": {
            "custom_model_data": 107
        },
        "model": "botc:item/scapegoat"
    },
    {
        "predicate": {
            "custom_model_data": 108
        },
        "model": "botc:item/gunslinger"
    },
    {
        "predicate": {
            "custom_model_data": 109
        },
        "model": "botc:item/beggar"
    },
    {
        "predicate": {
            "custom_model_data": 110
        },
        "model": "botc:item/bureaucrat"
    },
    {
        "predicate": {
            "custom_model_data": 111
        },
        "model": "botc:item/thief"
    },
    {
        "predicate": {
            "custom_model_data": 112
        },
        "model": "botc:item/butcher"
    },
    {
        "predicate": {
            "custom_model_data": 113
        },
        "model": "botc:item/bone_collector"
    },
    {
        "predicate": {
            "custom_model_data": 114
        },
        "model": "botc:item/harlot"
    },
    {
        "predicate": {
            "custom_model_data": 115
        },
        "model": "botc:item/barista"
    },
    {
        "predicate": {
            "custom_model_data": 116
        },
        "model": "botc:item/deviant"
    },
    {
        "predicate": {
            "custom_model_data": 117
        },
        "model": "botc:item/apprentice"
    },
    {
        "predicate": {
            "custom_model_data": 118
        },
        "model": "botc:item/matron"
    },
    {
        "predicate": {
            "custom_model_data": 119
        },
        "model": "botc:item/voudon"
    },
    {
        "predicate": {
            "custom_model_data": 120
        },
        "model": "botc:item/judge"
    },
    {
        "predicate": {
            "custom_model_data": 121
        },
        "model": "botc:item/bishop"
    },
    {
        "predicate": {
            "custom_model_data": 122
        },
        "model": "botc:item/gangster"
    },
    {
        "predicate": {
            "custom_model_data": 123
        },
        "model": "botc:item/doomsayer"
    },
    {
        "predicate": {
            "custom_model_data": 124
        },
        "model": "botc:item/angel"
    },
    {
        "predicate": {
            "custom_model_data": 125
        },
        "model": "botc:item/buddhist"
    },
    {
        "predicate": {
            "custom_model_data": 126
        },
        "model": "botc:item/hells_librarian"
    },
    {
        "predicate": {
            "custom_model_data": 127
        },
        "model": "botc:item/revolutionary"
    },
    {
        "predicate": {
            "custom_model_data": 128
        },
        "model": "botc:item/fiddler"
    },
    {
        "predicate": {
            "custom_model_data": 129
        },
        "model": "botc:item/toymaker"
    },
    {
        "predicate": {
            "custom_model_data": 130
        },
        "model": "botc:item/fibbin"
    },
    {
        "predicate": {
            "custom_model_data": 131
        },
        "model": "botc:item/duchess"
    },
    {
        "predicate": {
            "custom_model_data": 132
        },
        "model": "botc:item/sentinel"
    },
    {
        "predicate": {
            "custom_model_data": 133
        },
        "model": "botc:item/spirit_of_ivory"
    },
    {
        "predicate": {
            "custom_model_data": 134
        },
        "model": "botc:item/djinn"
    },
    {
        "predicate": {
            "custom_model_data": 135
        },
        "model": "botc:item/storm_catcher"
    }
  ]
}